experiment,algorithm,input_size,secondary_parameter,trials,average_runtime_ns,metric_name,metric_value
"Sort","MergeSort",100,"",3,203600,"",0
"Sort","QuickSort",100,"subarray_cutoff=12",3,711200,"insertion_fallbacks",11
"Sort","SelectionSort",100,"",3,1118167,"comparisons",4950
"Sort","InsertionSort",100,"shift_weight=749",3,881567,"weighted_shift_cost",1790859
"Search","LinearSearch",100,"target=99",3,13167,"",0
"Search","BinarySearch",100,"target=99",3,4133,"",0
"Sort","MergeSort",500,"",3,815167,"",0
"Sort","QuickSort",500,"subarray_cutoff=12",3,1070767,"insertion_fallbacks",60
"Sort","SelectionSort",500,"",3,7139600,"comparisons",124750
"Sort","InsertionSort",500,"shift_weight=749",3,34510767,"weighted_shift_cost",47062666
"Search","LinearSearch",500,"target=499",3,55900,"",0
"Search","BinarySearch",500,"target=499",3,2267,"",0
"Sort","MergeSort",1000,"",3,693600,"",0
"Sort","QuickSort",1000,"subarray_cutoff=12",3,525000,"insertion_fallbacks",111
"Sort","SelectionSort",1000,"",3,2311567,"comparisons",499500
"Sort","InsertionSort",1000,"shift_weight=749",3,4262033,"weighted_shift_cost",182219716
"Search","LinearSearch",1000,"target=999",3,65167,"",0
"Search","BinarySearch",1000,"target=999",3,1367,"",0
"Sort","MergeSort",5000,"",3,5515133,"",0
"Sort","QuickSort",5000,"subarray_cutoff=12",3,4293100,"insertion_fallbacks",598
"Sort","SelectionSort",5000,"",3,46357767,"comparisons",12497500
"Sort","InsertionSort",5000,"shift_weight=749",3,69801633,"weighted_shift_cost",4624728213
"Search","LinearSearch",5000,"target=4999",3,808700,"",0
"Search","BinarySearch",5000,"target=4999",3,6667,"",0
"Sort","MergeSort",10000,"",3,2502733,"",0
"Sort","QuickSort",10000,"subarray_cutoff=12",3,2367033,"insertion_fallbacks",1195
"Sort","SelectionSort",10000,"",3,184635433,"comparisons",49995000
"Sort","InsertionSort",10000,"shift_weight=749",3,217452967,"weighted_shift_cost",18459657013
"Search","LinearSearch",10000,"target=9999",3,1931933,"",0
"Search","BinarySearch",10000,"target=9999",3,4333,"",0
"Sort","MergeSort",50000,"",3,13198033,"",0
"Sort","QuickSort",50000,"subarray_cutoff=12",3,11933133,"insertion_fallbacks",6043
"Sort","SelectionSort",50000,"",3,3963008600,"comparisons",1249975000
"Sort","InsertionSort",50000,"shift_weight=749",3,7564505733,"weighted_shift_cost",466660399408
"Search","LinearSearch",50000,"target=49999",3,1564400,"",0
"Search","BinarySearch",50000,"target=49999",3,4367,"",0
"HashLoadFactor","CustomHashTable",100,"capacity=200;load_factor=0.500;operation=insert_all",3,42600,"collisions",9
"HashLoadFactor","CustomHashTable",100,"capacity=200;load_factor=0.500;operation=lookup_all",3,36633,"collisions",9
"HashLoadFactor","CustomHashTable",100,"capacity=134;load_factor=0.746;operation=insert_all",3,27533,"collisions",10
"HashLoadFactor","CustomHashTable",100,"capacity=134;load_factor=0.746;operation=lookup_all",3,15000,"collisions",10
"HashLoadFactor","CustomHashTable",100,"capacity=100;load_factor=1.000;operation=insert_all",3,22467,"collisions",27
"HashLoadFactor","CustomHashTable",100,"capacity=100;load_factor=1.000;operation=lookup_all",3,15467,"collisions",27
"HashLoadFactor","CustomHashTable",100,"capacity=67;load_factor=1.493;operation=insert_all",3,25600,"collisions",45
"HashLoadFactor","CustomHashTable",100,"capacity=67;load_factor=1.493;operation=lookup_all",3,17300,"collisions",45
"HashLoadFactor","CustomHashTable",100,"capacity=50;load_factor=2.000;operation=insert_all",3,10200,"collisions",50
"HashLoadFactor","CustomHashTable",100,"capacity=50;load_factor=2.000;operation=lookup_all",3,16800,"collisions",50
"HashLoadFactor","CustomHashTable",500,"capacity=1000;load_factor=0.500;operation=insert_all",3,83800,"collisions",127
"HashLoadFactor","CustomHashTable",500,"capacity=1000;load_factor=0.500;operation=lookup_all",3,80533,"collisions",127
"HashLoadFactor","CustomHashTable",500,"capacity=667;load_factor=0.750;operation=insert_all",3,52367,"collisions",53
"HashLoadFactor","CustomHashTable",500,"capacity=667;load_factor=0.750;operation=lookup_all",3,53200,"collisions",53
"HashLoadFactor","CustomHashTable",500,"capacity=500;load_factor=1.000;operation=insert_all",3,65033,"collisions",127
"HashLoadFactor","CustomHashTable",500,"capacity=500;load_factor=1.000;operation=lookup_all",3,69167,"collisions",127
"HashLoadFactor","CustomHashTable",500,"capacity=334;load_factor=1.497;operation=insert_all",3,76500,"collisions",179
"HashLoadFactor","CustomHashTable",500,"capacity=334;load_factor=1.497;operation=lookup_all",3,77633,"collisions",179
"HashLoadFactor","CustomHashTable",500,"capacity=250;load_factor=2.000;operation=insert_all",3,84767,"collisions",250
"HashLoadFactor","CustomHashTable",500,"capacity=250;load_factor=2.000;operation=lookup_all",3,86133,"collisions",250
"HashLoadFactor","CustomHashTable",1000,"capacity=2000;load_factor=0.500;operation=insert_all",3,139667,"collisions",261
"HashLoadFactor","CustomHashTable",1000,"capacity=2000;load_factor=0.500;operation=lookup_all",3,145800,"collisions",261
"HashLoadFactor","CustomHashTable",1000,"capacity=1334;load_factor=0.750;operation=insert_all",3,81900,"collisions",350
"HashLoadFactor","CustomHashTable",1000,"capacity=1334;load_factor=0.750;operation=lookup_all",3,85533,"collisions",350
"HashLoadFactor","CustomHashTable",1000,"capacity=1000;load_factor=1.000;operation=insert_all",3,86067,"collisions",432
"HashLoadFactor","CustomHashTable",1000,"capacity=1000;load_factor=1.000;operation=lookup_all",3,90400,"collisions",432
"HashLoadFactor","CustomHashTable",1000,"capacity=667;load_factor=1.499;operation=insert_all",3,86033,"collisions",419
"HashLoadFactor","CustomHashTable",1000,"capacity=667;load_factor=1.499;operation=lookup_all",3,94033,"collisions",419
"HashLoadFactor","CustomHashTable",1000,"capacity=500;load_factor=2.000;operation=insert_all",3,109333,"collisions",506
"HashLoadFactor","CustomHashTable",1000,"capacity=500;load_factor=2.000;operation=lookup_all",3,110067,"collisions",506
"HashLoadFactor","CustomHashTable",5000,"capacity=10000;load_factor=0.500;operation=insert_all",3,776733,"collisions",326
"HashLoadFactor","CustomHashTable",5000,"capacity=10000;load_factor=0.500;operation=lookup_all",3,722600,"collisions",326
"HashLoadFactor","CustomHashTable",5000,"capacity=6667;load_factor=0.750;operation=insert_all",3,617733,"collisions",1985
"HashLoadFactor","CustomHashTable",5000,"capacity=6667;load_factor=0.750;operation=lookup_all",3,806100,"collisions",1985
"HashLoadFactor","CustomHashTable",5000,"capacity=5000;load_factor=1.000;operation=insert_all",3,455367,"collisions",1298
"HashLoadFactor","CustomHashTable",5000,"capacity=5000;load_factor=1.000;operation=lookup_all",3,525533,"collisions",1298
"HashLoadFactor","CustomHashTable",5000,"capacity=3334;load_factor=1.500;operation=insert_all",3,182467,"collisions",1922
"HashLoadFactor","CustomHashTable",5000,"capacity=3334;load_factor=1.500;operation=lookup_all",3,125467,"collisions",1922
"HashLoadFactor","CustomHashTable",5000,"capacity=2500;load_factor=2.000;operation=insert_all",3,181933,"collisions",2632
"HashLoadFactor","CustomHashTable",5000,"capacity=2500;load_factor=2.000;operation=lookup_all",3,135267,"collisions",2632
"HashLoadFactor","CustomHashTable",10000,"capacity=20000;load_factor=0.500;operation=insert_all",3,660233,"collisions",2690
"HashLoadFactor","CustomHashTable",10000,"capacity=20000;load_factor=0.500;operation=lookup_all",3,453567,"collisions",2690
"HashLoadFactor","CustomHashTable",10000,"capacity=13334;load_factor=0.750;operation=insert_all",3,572333,"collisions",4020
"HashLoadFactor","CustomHashTable",10000,"capacity=13334;load_factor=0.750;operation=lookup_all",3,383500,"collisions",4020
"HashLoadFactor","CustomHashTable",10000,"capacity=10000;load_factor=1.000;operation=insert_all",3,342167,"collisions",3423
"HashLoadFactor","CustomHashTable",10000,"capacity=10000;load_factor=1.000;operation=lookup_all",3,267667,"collisions",3423
"HashLoadFactor","CustomHashTable",10000,"capacity=6667;load_factor=1.500;operation=insert_all",3,736400,"collisions",6176
"HashLoadFactor","CustomHashTable",10000,"capacity=6667;load_factor=1.500;operation=lookup_all",3,553100,"collisions",6176
"HashLoadFactor","CustomHashTable",10000,"capacity=5000;load_factor=2.000;operation=insert_all",3,707000,"collisions",5186
"HashLoadFactor","CustomHashTable",10000,"capacity=5000;load_factor=2.000;operation=lookup_all",3,1001367,"collisions",5186
"HashLoadFactor","CustomHashTable",20000,"capacity=40000;load_factor=0.500;operation=insert_all",3,1027600,"collisions",6231
"HashLoadFactor","CustomHashTable",20000,"capacity=40000;load_factor=0.500;operation=lookup_all",3,510033,"collisions",6231
"HashLoadFactor","CustomHashTable",20000,"capacity=26667;load_factor=0.750;operation=insert_all",3,1089500,"collisions",3452
"HashLoadFactor","CustomHashTable",20000,"capacity=26667;load_factor=0.750;operation=lookup_all",3,573067,"collisions",3452
"HashLoadFactor","CustomHashTable",20000,"capacity=20000;load_factor=1.000;operation=insert_all",3,859867,"collisions",9096
"HashLoadFactor","CustomHashTable",20000,"capacity=20000;load_factor=1.000;operation=lookup_all",3,515767,"collisions",9096
"HashLoadFactor","CustomHashTable",20000,"capacity=13334;load_factor=1.500;operation=insert_all",3,1806433,"collisions",12539
"HashLoadFactor","CustomHashTable",20000,"capacity=13334;load_factor=1.500;operation=lookup_all",3,596867,"collisions",12539
"HashLoadFactor","CustomHashTable",20000,"capacity=10000;load_factor=2.000;operation=insert_all",3,5497733,"collisions",11523
"HashLoadFactor","CustomHashTable",20000,"capacity=10000;load_factor=2.000;operation=lookup_all",3,608867,"collisions",11523
"TreeComparison","BinarySearchTree",100,"order=ascending;operation=insert_all",3,76200,"",0
"TreeComparison","RedBlackTree",100,"order=ascending;operation=insert_all",3,130000,"",0
"TreeComparison","BinarySearchTree",100,"order=ascending;operation=search_all",3,341900,"",0
"TreeComparison","RedBlackTree",100,"order=ascending;operation=search_all",3,70700,"",0
"TreeComparison","BinarySearchTree",250,"order=ascending;operation=insert_all",3,368833,"",0
"TreeComparison","RedBlackTree",250,"order=ascending;operation=insert_all",3,374367,"",0
"TreeComparison","BinarySearchTree",250,"order=ascending;operation=search_all",3,965867,"",0
"TreeComparison","RedBlackTree",250,"order=ascending;operation=search_all",3,159567,"",0
"TreeComparison","BinarySearchTree",500,"order=ascending;operation=insert_all",3,1018067,"",0
"TreeComparison","RedBlackTree",500,"order=ascending;operation=insert_all",3,385467,"",0
"TreeComparison","BinarySearchTree",500,"order=ascending;operation=search_all",3,460067,"",0
"TreeComparison","RedBlackTree",500,"order=ascending;operation=search_all",3,192067,"",0
"TreeComparison","BinarySearchTree",1000,"order=ascending;operation=insert_all",3,3710600,"",0
"TreeComparison","RedBlackTree",1000,"order=ascending;operation=insert_all",3,634667,"",0
"TreeComparison","BinarySearchTree",1000,"order=ascending;operation=search_all",3,2110567,"",0
"TreeComparison","RedBlackTree",1000,"order=ascending;operation=search_all",3,425500,"",0
"TreeComparison","BinarySearchTree",2000,"order=ascending;operation=insert_all",3,12200100,"",0
"TreeComparison","RedBlackTree",2000,"order=ascending;operation=insert_all",3,312067,"",0
"TreeComparison","BinarySearchTree",2000,"order=ascending;operation=search_all",3,6450133,"",0
"TreeComparison","RedBlackTree",2000,"order=ascending;operation=search_all",3,271933,"",0
"PriorityDispatch","CustomPriorityQueue",100,"operation=insert_all",3,82467,"",0
"PriorityDispatch","CustomPriorityQueue",100,"operation=extract_all",3,104433,"",0
"PriorityDispatch","CustomPriorityQueue",500,"operation=insert_all",3,191400,"",0
"PriorityDispatch","CustomPriorityQueue",500,"operation=extract_all",3,294733,"",0
"PriorityDispatch","CustomPriorityQueue",1000,"operation=insert_all",3,219700,"",0
"PriorityDispatch","CustomPriorityQueue",1000,"operation=extract_all",3,489900,"",0
"PriorityDispatch","CustomPriorityQueue",5000,"operation=insert_all",3,1080300,"",0
"PriorityDispatch","CustomPriorityQueue",5000,"operation=extract_all",3,1827533,"",0
"PriorityDispatch","CustomPriorityQueue",10000,"operation=insert_all",3,1404700,"",0
"PriorityDispatch","CustomPriorityQueue",10000,"operation=extract_all",3,3129200,"",0
"PriorityDispatch","CustomPriorityQueue",20000,"operation=insert_all",3,1352967,"",0
"PriorityDispatch","CustomPriorityQueue",20000,"operation=extract_all",3,5723167,"",0
"GraphTraversal","BFS",50,"vertices=50;edges=100;source=BENCH-LOC-0;target=BENCH-LOC-49",3,90667,"edges",100
"GraphTraversal","DFS",50,"vertices=50;edges=100;source=BENCH-LOC-0;target=BENCH-LOC-49",3,100233,"edges",100
"GraphTraversal","Dijkstra",50,"vertices=50;edges=100;source=BENCH-LOC-0;target=BENCH-LOC-49",3,117833,"edges",100
"MST","Prim",50,"vertices=50;edges=100;source=BENCH-LOC-0;target=BENCH-LOC-49",3,256100,"mst_cost",206
"MST","Kruskal",50,"vertices=50;edges=100;source=BENCH-LOC-0;target=BENCH-LOC-49",3,171200,"mst_cost",206
"GraphTraversal","BFS",100,"vertices=100;edges=200;source=BENCH-LOC-0;target=BENCH-LOC-99",3,516600,"edges",200
"GraphTraversal","DFS",100,"vertices=100;edges=200;source=BENCH-LOC-0;target=BENCH-LOC-99",3,286100,"edges",200
"GraphTraversal","Dijkstra",100,"vertices=100;edges=200;source=BENCH-LOC-0;target=BENCH-LOC-99",3,197333,"edges",200
"MST","Prim",100,"vertices=100;edges=200;source=BENCH-LOC-0;target=BENCH-LOC-99",3,1321467,"mst_cost",382
"MST","Kruskal",100,"vertices=100;edges=200;source=BENCH-LOC-0;target=BENCH-LOC-99",3,956533,"mst_cost",382
"GraphTraversal","BFS",200,"vertices=200;edges=400;source=BENCH-LOC-0;target=BENCH-LOC-199",3,187567,"edges",400
"GraphTraversal","DFS",200,"vertices=200;edges=400;source=BENCH-LOC-0;target=BENCH-LOC-199",3,319700,"edges",400
"GraphTraversal","Dijkstra",200,"vertices=200;edges=400;source=BENCH-LOC-0;target=BENCH-LOC-199",3,469067,"edges",400
"MST","Prim",200,"vertices=200;edges=400;source=BENCH-LOC-0;target=BENCH-LOC-199",3,1135567,"mst_cost",778
"MST","Kruskal",200,"vertices=200;edges=400;source=BENCH-LOC-0;target=BENCH-LOC-199",3,1199200,"mst_cost",778
"GraphTraversal","BFS",500,"vertices=500;edges=1000;source=BENCH-LOC-0;target=BENCH-LOC-499",3,811000,"edges",1000
"GraphTraversal","DFS",500,"vertices=500;edges=1000;source=BENCH-LOC-0;target=BENCH-LOC-499",3,1070900,"edges",1000
"GraphTraversal","Dijkstra",500,"vertices=500;edges=1000;source=BENCH-LOC-0;target=BENCH-LOC-499",3,1078300,"edges",1000
"MST","Prim",500,"vertices=500;edges=1000;source=BENCH-LOC-0;target=BENCH-LOC-499",3,6083700,"mst_cost",1966
"MST","Kruskal",500,"vertices=500;edges=1000;source=BENCH-LOC-0;target=BENCH-LOC-499",3,3710500,"mst_cost",1966
